title,price,manufacturer,inStock,mainImage,description,slug,categoryId
"Samsung Galaxy S24 Ultra",1299.99,Samsung,25,https://images.unsplash.com/photo-1610945415295-d9bbf067e59c?w=500,"The latest flagship smartphone from Samsung with 200MP camera and S Pen support. Features advanced AI capabilities, all-day battery life, and premium design.",samsung-galaxy-s24-ultra,electronics
"Apple MacBook Pro 16-inch M3",2499.99,Apple,15,https://images.unsplash.com/photo-1517336714731-489689fd1ca8?w=500,"Powerful laptop with M3 Pro chip and stunning Liquid Retina XDR display. Perfect for professionals and creatives with up to 22 hours battery life.",apple-macbook-pro-16-m3,laptops
"Sony WH-1000XM5 Wireless Headphones",399.99,Sony,50,https://images.unsplash.com/photo-1546435770-a3e426bf472b?w=500,"Premium noise-canceling wireless headphones with exceptional sound quality. Industry-leading noise cancellation technology and 30-hour battery life.",sony-wh-1000xm5-headphones,audio
"LG OLED C3 55-inch 4K Smart TV",1799.99,LG,10,https://images.unsplash.com/photo-1593359677879-a4bb92f829d1?w=500,"Stunning 4K OLED TV with AI-powered picture processing and webOS smart platform. Perfect blacks, vibrant colors, and smooth gaming at 120Hz.",lg-oled-c3-55-smart-tv,televisions
"Canon EOS R6 Mark II Mirrorless Camera",2499.99,Canon,8,https://images.unsplash.com/photo-1606980288917-8f1c01a4f6fc?w=500,"Full-frame mirrorless camera with 24.2MP sensor and advanced autofocus system. Captures stunning photos and 4K 60fps video with in-body stabilization.",canon-eos-r6-mark-ii-camera,cameras