title,price,manufacturer,inStock,mainImage,description,slug,categoryId
Samsung Galaxy S24 Ultra,1299.99,Samsung,25,https://images.unsplash.com/photo-1610945415295-d9bbf067e59c?w=500,The latest flagship smartphone from Samsung with 200MP camera and S Pen support. Features advanced AI capabilities and all-day battery life.,samsung-galaxy-s24-ultra,57943bc3-f5a3-4733-86a7-76ed3c4fde82
Apple MacBook Pro 16-inch,2499.99,Apple,15,https://images.unsplash.com/photo-1517336714731-489689fd1ca8?w=500,Powerful laptop with M3 Pro chip and stunning Liquid Retina XDR display. Perfect for professionals and creatives.,apple-macbook-pro-16,a54d7eab-6d86-42d3-a021-d286ab4fb852
Sony WH-1000XM5 Headphones,399.99,Sony,50,https://images.unsplash.com/photo-1546435770-a3e426bf472b?w=500,Premium noise-canceling wireless headphones with exceptional sound quality. Industry-leading noise cancellation technology.,sony-wh-1000xm5,659a91b9-3ff6-47d5-9830-5e7ac905b961
LG OLED C3 55-inch TV,1799.99,LG,10,https://images.unsplash.com/photo-1593359677879-a4bb92f829d1?w=500,Stunning 4K OLED TV with AI-powered picture processing and webOS smart platform. Perfect blacks and vibrant colors.,lg-oled-c3-55,ss6412b4-22fd-4fbb-9741-d77580dfdcd2
Canon EOS R6 Mark II Camera,2499.99,Canon,8,https://images.unsplash.com/photo-1606980288917-8f1c01a4f6fc?w=500,Full-frame mirrorless camera with 24.2MP sensor and advanced autofocus system. Captures stunning photos and 4K video.,canon-eos-r6-mark-ii,1cb9439a-ea47-4a33-913b-e9bf935bcc0b
